SET TERMOUT ON

--CREATE SEQUENCE auto_increment_stu
--    START WITH 1 INCREMENT BY 1 NOMAXVALUE;

PROMPT Populating student information..Please wait...
INSERT INTO Student VALUES('77658', 'Maxwell Kilback', TO_DATE('15-01-86', 'DD-MM-YY'), '1', 'maxwell_kilback@adams.biz', '1-929-909-3181 x779', 'Apt. 221 7204 Dallas Views' ); 
INSERT INTO Student VALUES('37885', 'Elbert Auer', TO_DATE('28-02-90', 'DD-MM-YY'), '1', 'elbert.auer@batz.name', '1-881-148-6665', 'Suite 369 26313 McCullough Dam' ); 
INSERT INTO Student VALUES('62597', 'Malika Bosco', TO_DATE('12-10-91', 'DD-MM-YY'), '1', 'bosco.malika@carroll.name', '837-082-3297', 'Apt. 539 496 Casper Forks' ); 
INSERT INTO Student VALUES('66354', 'Alexandrine Rosenbaum', TO_DATE('05-05-92', 'DD-MM-YY'), '1', 'rosenbaum.alexandrine@hamillmills.com', '821-120-2015 x1386', 'Apt. 845 543 Jaskolski Crescent' ); 
INSERT INTO Student VALUES('44274', 'Albertha Torphy', TO_DATE('10-05-92', 'DD-MM-YY'), '1', 'albertha.torphy@jaskolskipollich.com', '507-647-5241', 'Apt. 438 5623 Franco River' ); 
INSERT INTO Student VALUES('72767', 'Nichole Schinner', TO_DATE('11-11-93 ', 'DD-MM-YY'), '1', 'nichole.schinner@barrows.org', '1-998-708-0497', 'Apt. 424 11933 Beatty Grove' ); 
INSERT INTO Student VALUES('69846', 'Dominique McGlynn', TO_DATE('01-09-92', 'DD-MM-YY'), '1', 'mcglynn_dominique@wolfchristiansen.org', '(313)511-6612', 'Suite 797 1225 Simonis Neck' ); 
INSERT INTO Student VALUES('56725', 'Lourdes Runte', TO_DATE('03-05-92', 'DD-MM-YY'), '1', 'runte_lourdes@monahan.org', '1-362-115-2537 x11572', 'Suite 967 539 Aylin Club' ); 
INSERT INTO Student VALUES('20761', 'Celestine Rohan', TO_DATE('04-03-92', 'DD-MM-YY'), '1', 'rohan.celestine@boganfay.biz', '1-784-920-4783', 'Apt. 898 4850 Abernathy Mall' ); 
INSERT INTO Student VALUES('64582', 'Corrine Russel', TO_DATE('10-01-92', 'DD-MM-YY'), '1', 'russel_corrine@casper.com', '993.542.8410', 'Suite 428 682 Arlo Viaduct' ); 
INSERT INTO Student VALUES('96163', 'Verlie Greenholt', TO_DATE('01-02-91', 'DD-MM-YY'), '1', 'verlie_greenholt@reinger.org', '840-721-4166 x1315', 'Apt. 987 50164 Kris Knoll' ); 
INSERT INTO Student VALUES('15499', 'Candace Stamm', TO_DATE('15-01-93', 'DD-MM-YY'), '1', 'candace_stamm@jones.com', '226.885.0330 x06523', 'Apt. 758 8111 Blanca Cove' ); 
INSERT INTO Student VALUES('51567', 'Benedict Bauch', TO_DATE('04-10-90', 'DD-MM-YY'), '1', 'bauch.benedict@wyman.com', '881.637.8555 x329', 'Suite 602 8921 Walsh Road' ); 
INSERT INTO Student VALUES('68957', 'Dane Upton', TO_DATE('06-06-90', 'DD-MM-YY'), '1', 'dane_upton@vandervortlebsack.biz', '(498)823-4268 x34354', 'Apt. 207 40159 Esther Prairie' ); 
INSERT INTO Student VALUES('53580', 'Ervin Swaniawski', TO_DATE('01-12-91', 'DD-MM-YY'), '1', 'ervin.swaniawski@schowalterbecker.info', '1-580-709-0844', 'Apt. 210 35461 Muller Hollow' ); 
INSERT INTO Student VALUES('86578', 'Alexzander Hoppe', TO_DATE('01-09-89', 'DD-MM-YY'), '1', 'hoppe_alexzander@anderson.biz', '883.544.3307 x262', 'Apt. 575 2133 Emely Common' ); 
INSERT INTO Student VALUES('91502', 'Gerardo Morar', TO_DATE('14-01-87', 'DD-MM-YY'), '1', 'gerardo.morar@handschroeder.info', '431-260-3219 x8510', 'Suite 962 6804 Emmerich Road' ); 
INSERT INTO Student VALUES('87787', 'Andres Marvin', TO_DATE('15-10-90', 'DD-MM-YY'), '1', 'andres_marvin@rath.com', '404.212.7912', 'Suite 300 7397 Nolan Manors' ); 
INSERT INTO Student VALUES('12294', 'Dexter Bode', TO_DATE('09-07-91', 'DD-MM-YY'), '1', 'bode_dexter@crona.biz', '(813)277-1824 x69039', 'Suite 309 732 Reilly Shore' ); 
INSERT INTO Student VALUES('66074', 'Sonya Brekke', TO_DATE('14-01-94', 'DD-MM-YY'), '1', 'brekke.sonya@nicolas.com', '107.846.2404 x70821', 'Apt. 936 7652 Gleason Roads' ); 

INSERT INTO Student VALUES('43215', 'Greg Halvorson', TO_DATE('10-01-85', 'DD-MM-YY'), '2', 'greg.halvorson@gulgowski.com', '(288)216-6740 x43557', 'Suite 353 658 Felicity Manors' ); 
INSERT INTO Student VALUES('17158', 'Sammy Schaefer', TO_DATE('08-07-91', 'DD-MM-YY'), '2', 'schaefer.sammy@hagenes.net', '(465)836-4811 x232', 'Apt. 988 3587 Kristofer Pass' ); 
INSERT INTO Student VALUES('73355', 'Freida Abshire', TO_DATE('03-08-91', 'DD-MM-YY'), '2', 'abshire_freida@nicolasrempel.org', '590.288.7978 x3829', 'Apt. 901 5948 Bogisich Viaduct' ); 
INSERT INTO Student VALUES('71268', 'Ellis Von', TO_DATE('11-11-93', 'DD-MM-YY'), '2', 'ellis.von@bartell.net', '610.087.0952 x334', 'Apt. 495 64893 Marjolaine Canyon' ); 
INSERT INTO Student VALUES('11142', 'Oswald Marks', TO_DATE('05-09-92', 'DD-MM-YY'), '2', 'marks.oswald@ruel.org', '(978)045-3304 x514', 'Apt. 834 6063 Glenna Camp' ); 
INSERT INTO Student VALUES('98716', 'Thalia Langosh', TO_DATE('10-05-92', 'DD-MM-YY'), '2', 'langosh.thalia@kreiger.name', '1-758-291-5930 x7303', 'Suite 224 9898 Bergnaum Crossing' ); 
INSERT INTO Student VALUES('19092', 'Nedra Tromp', TO_DATE('06-06-89', 'DD-MM-YY'), '2', 'nedra.tromp@weinat.net', '1-126-062-0486', 'Suite 885 752 Nico Overpass' ); 
INSERT INTO Student VALUES('97297', 'Tyree Brekke', TO_DATE('30-04-90', 'DD-MM-YY'), '2', 'brekke.tyree@wuckert.info', '820.272.9585', 'Suite 284 56834 Timothy Islands' ); 
INSERT INTO Student VALUES('92559', 'Lenora Dickinson', TO_DATE('01-09-89', 'DD-MM-YY'), '2', 'lenora_dickinson@roobdouglas.name', '(739)460-9843', 'Suite 448 3969 Martin Stravenue' ); 
INSERT INTO Student VALUES('15354', 'Johnpaul Berge', TO_DATE('02-04-89', 'DD-MM-YY'), '2', 'johnpaul.berge@hermiston.info', '1-131-004-8035 x9432', 'Apt. 337 50790 Laisha Forge' ); 
INSERT INTO Student VALUES('73773', 'Miss Sigrid McClure', TO_DATE('01-09-92', 'DD-MM-YY'), '2', 'mcclure_sigrid_miss@batz.org', '(111)372-2276', 'Suite 847 1389 Cummings Club' ); 
INSERT INTO Student VALUES('76935', 'Amir Koepp', TO_DATE('28-05-90', 'DD-MM-YY'), '2', 'amir.koepp@robertsmcclure.name', '1-557-681-4425 x558', 'Suite 921 2354 Lemuel Shores' ); 
INSERT INTO Student VALUES('22854', 'Gerda Murphy', TO_DATE('15-01-93', 'DD-MM-YY'), '2', 'murphy_gerda@witting.biz', '1-435-787-5296 x085', 'Suite 620 4764 Price Motorway' ); 
INSERT INTO Student VALUES('77473', 'Mr. Carter Bechtelar', TO_DATE('30-06-92', 'DD-MM-YY'), '2', 'carter.mr.bechtelar@dubuque.org', '575.878.7887 x601', 'Suite 439 3076 Daisy Ford' ); 
INSERT INTO Student VALUES('29004', 'Mr. Guiseppe Tremblay', TO_DATE('23-07-91', 'DD-MM-YY'), '2', 'guiseppe.mr.tremblay@thiel.biz', '837.129.9200 x272', 'Apt. 377 1405 Lyric Mall' ); 
INSERT INTO Student VALUES('94849', 'Jabari Fahey', TO_DATE('03-05-92', 'DD-MM-YY'), '2', 'jabari.fahey@nikolaus.org', '701-376-5493 x940', 'Apt. 532 9448 Etha Rue' ); 
INSERT INTO Student VALUES('64874', 'Frederik Collier', TO_DATE('10-11-86', 'DD-MM-YY'), '2', 'frederik_collier@breitenberg.biz', '(788)831-2364 x8102', 'Suite 170 887 Kuhn Turnpike' ); 
INSERT INTO Student VALUES('40438', 'Porter Luettgen', TO_DATE('21-07-87', 'DD-MM-YY'), '2', 'porter.luettgen@leffler.org', '(683)406-0236', 'Apt. 217 844 Lacy Circle' ); 
INSERT INTO Student VALUES('18343', 'Jaycee Brown', TO_DATE('12-06-91', 'DD-MM-YY'), '2', 'jaycee_brown@blockmayert.name', '466-460-5889 x09783', 'Apt. 916 4322 Hintz Rapids' ); 
INSERT INTO Student VALUES('46123', 'Edison Skiles', TO_DATE('10-01-92', 'DD-MM-YY'), '2', 'skiles_edison@muller.net', '(914)049-8988 x84586', 'Suite 397 61766 Heathcote Brook' ); 

INSERT INTO Student VALUES('19231', 'Gertrude Hermann', TO_DATE('03-03-91', 'DD-MM-YY'), '3', 'hermann.gertrude@schmeler.biz', '(982)508-1444', 'Suite 513 86068 Eddie Islands' ); 
INSERT INTO Student VALUES('23293', 'Alisha Kovacek', TO_DATE('11-11-93', 'DD-MM-YY'), '3', 'alisha_kovacek@treutel.net', '(391)821-5598 x507', 'Apt. 219 946 Orn Landing' ); 
INSERT INTO Student VALUES('40484', 'Leonora Quitzon', TO_DATE('05-08-91', 'DD-MM-YY'), '3', 'leonora_quitzon@mccullough.biz', '452.377.7677', 'Suite 360 491 Hal Roads' ); 
INSERT INTO Student VALUES('44739', 'Alexa Abbott', TO_DATE('03-07-92', 'DD-MM-YY'), '3', 'abbott_alexa@barrows.net', '369.665.7097', 'Suite 647 317 Louisa Parkways' ); 
INSERT INTO Student VALUES('76965', 'Jayden Bogisich', TO_DATE('02-04-89', 'DD-MM-YY'), '3', 'jayden_bogisich@kuvalis.biz', '530.371.2462', 'Suite 444 7382 Bashirian Run' ); 
INSERT INTO Student VALUES('37879', 'Maximo Koss', TO_DATE('13-12-87', 'DD-MM-YY'), '3', 'maximo.koss@moriettemonahan.info', '486-136-9953 x7601', 'Apt. 923 26221 Mosciski Forge' ); 
INSERT INTO Student VALUES('77478', 'Thaddeus Dooley', TO_DATE('23-10-91', 'DD-MM-YY'), '3', 'thaddeus.dooley@heeljakubowski.com', '(997)110-1631 x45725', 'Apt. 631 2270 Kim Forks' ); 
INSERT INTO Student VALUES('47540', 'Jazmin Feeney', TO_DATE('03-05-92', 'DD-MM-YY'), '3', 'jazmin_feeney@armstrongreichel.org', '444.532.4768 x002', 'Suite 364 664 Ayana Shoal' ); 
INSERT INTO Student VALUES('62345', 'Aurelio Collins', TO_DATE('10-01-92', 'DD-MM-YY'), '3', 'aurelio_collins@schinnerkuhn.biz', '(190)984-8117', 'Apt. 949 482 Baron Harbor' ); 
INSERT INTO Student VALUES('46017', 'Nicholas Terry', TO_DATE('25-05-90', 'DD-MM-YY'), '3', 'nicholas_terry@ziemann.net', '(867)179-0753 x38366', 'Suite 381 5349 Tromp Plains' ); 
INSERT INTO Student VALUES('17591', 'Nathan Brekke', TO_DATE('14-05-88', 'DD-MM-YY'), '3', 'brekke.nathan@cronin.net', '1-198-740-4949', 'Suite 881 9180 Carter Throughway' ); 
INSERT INTO Student VALUES('21402', 'Hattie Donnelly', TO_DATE('10-09-80', 'DD-MM-YY'), '3', 'hattie.donnelly@rice.biz', '405.493.8834 x568', 'Suite 844 602 Christiansen Freeway' ); 
INSERT INTO Student VALUES('21744', 'Myrtis Cummerata', TO_DATE('01-09-89', 'DD-MM-YY'), '3', 'cummerata.myrtis@damorebruen.name', '(374)439-9313', 'Apt. 958 450 McGlynn Port' ); 
INSERT INTO Student VALUES('60443', 'Chasity Lowe', TO_DATE('06-06-90', 'DD-MM-YY'), '3', 'chasity_lowe@flatleymills.org', '175.420.6744', 'Suite 588 549 Kon Glens' ); 
INSERT INTO Student VALUES('46983', 'Lauretta Funk', TO_DATE('29-04-89', 'DD-MM-YY'), '3', 'lauretta.funk@maggio.org', '(389)992-3813 x948', 'Suite 253 9835 Osinski Stravenue' ); 
INSERT INTO Student VALUES('58961', 'Tatyana Strosin', TO_DATE('09-12-91', 'DD-MM-YY'), '3', 'strosin_tatyana@corwin.info', '(182)665-5376 x6814', 'Apt. 887 266 Imogene River' ); 
INSERT INTO Student VALUES('42727', 'Nathen Streich', TO_DATE('01-09-92', 'DD-MM-YY'), '3', 'nathen_streich@christiansen.com', '1-496-709-6738 x026', 'Apt. 228 963 Allie Squares' ); 
INSERT INTO Student VALUES('60984', 'Ted Crist', TO_DATE('15-01-93', 'DD-MM-YY'), '3', 'ted.crist@lang.name', '1-673-968-4210', 'Suite 806 83568 Rempel Rapid' ); 
INSERT INTO Student VALUES('10630', 'Winfield Wisozk', TO_DATE('10-05-92', 'DD-MM-YY'), '3', 'winfield.wisozk@rowe.info', '(434)919-4031 x3717', 'Suite 368 330 Lavonne Divide' ); 
INSERT INTO Student VALUES('73701', 'Idella Reilly', TO_DATE('11-06-91', 'DD-MM-YY'), '3', 'idella_reilly@denesik.name', '569.207.0254 x44158', 'Apt. 537 8654 West Centers' ); 
PROMPT Finished populating Student table

PROMPT Populating Subjects table. Please wait ...
INSERT INTO Subject VALUES( 'DCS111', 'Computer Architecture',         '20', '3', '1', '6' );
INSERT INTO Subject VALUES( 'DCS100', 'Procedural Programming',        '20', '3', '1', '2' );
INSERT INTO Subject VALUES( 'DCS113', 'Logic and Discrete Structures', '20', '4', '1', '4' );
INSERT INTO Subject VALUES( 'DCS103', 'Language and comunication',     '20', '4', '2', '4' );
INSERT INTO Subject VALUES( 'DCS104', 'Object Oriented Programming',   '20', '3', '2', '2' );
INSERT INTO Subject VALUES( 'DCS129', 'Probability and Matrices',      '20', '3', '2', '3' );

INSERT INTO Subject VALUES( 'DCS200', 'Networks and Operating Systems','20', '4', '1', '7' );
INSERT INTO Subject VALUES( 'DCS210', 'Algorithms & Data Structures',  '20', '4', '1', '6' );
INSERT INTO Subject VALUES( 'DCS225', 'Database Systems',              '20', '3', '1', '1' );
INSERT INTO Subject VALUES( 'DCS235', 'Software Engineering',          '20', '3', '2', '2' );
INSERT INTO Subject VALUES( 'DCS224', 'Graphical User Interface',      '20', '4', '2', '9' );
INSERT INTO Subject VALUES( 'ELE404', 'Internet Applications',         '20', '4', '2', '8' );

INSERT INTO Subject VALUES( 'DCS360', 'Project',                       '20', '4', '1', '10' );
INSERT INTO Subject VALUES( 'DCS339', 'C++ for Image Processing',      '20', '4', '1', '11' );
INSERT INTO Subject VALUES( 'DCS310', 'Systems Analysis',              '20', '3', '1', '12' );
INSERT INTO Subject VALUES( 'DCS337', 'Software Risk Assesment',       '20', '3', '2', '12' );
INSERT INTO Subject VALUES( 'DCS041', 'Machine Learning',              '20', '4', '2', '1' );
INSERT INTO Subject VALUES( 'DCS306', 'High Performance Computing',    '20', '3', '2', '11' );
PROMPT Finished populating Subjects table

PROMPT populating StudentSubjects table
INSERT INTO StudentSubjects VALUES('12294','DCS111');
INSERT INTO StudentSubjects VALUES('12294','DCS100');
INSERT INTO StudentSubjects VALUES('12294','DCS113');
INSERT INTO StudentSubjects VALUES('12294','DCS103');
INSERT INTO StudentSubjects VALUES('12294','DCS104');
INSERT INTO StudentSubjects VALUES('12294','DCS129');
INSERT INTO StudentSubjects VALUES('66074','DCS111');
INSERT INTO StudentSubjects VALUES('66074','DCS100');
INSERT INTO StudentSubjects VALUES('66074','DCS113');
INSERT INTO StudentSubjects VALUES('66074','DCS103');
INSERT INTO StudentSubjects VALUES('66074','DCS104');
INSERT INTO StudentSubjects VALUES('66074','DCS129');

INSERT INTO StudentSubjects VALUES('43215','DCS200');
INSERT INTO StudentSubjects VALUES('43215','DCS210');
INSERT INTO StudentSubjects VALUES('43215','DCS225');
INSERT INTO StudentSubjects VALUES('43215','DCS235');
INSERT INTO StudentSubjects VALUES('43215','DCS224');
INSERT INTO StudentSubjects VALUES('43215','ELE404');
INSERT INTO StudentSubjects VALUES('17158','DCS200');
INSERT INTO StudentSubjects VALUES('17158','DCS210');
INSERT INTO StudentSubjects VALUES('17158','DCS225');
INSERT INTO StudentSubjects VALUES('17158','DCS235');
INSERT INTO StudentSubjects VALUES('17158','DCS224');
INSERT INTO StudentSubjects VALUES('17158','ELE404');

INSERT INTO StudentSubjects VALUES('19231','DCS360');
INSERT INTO StudentSubjects VALUES('19231','DCS339');
INSERT INTO StudentSubjects VALUES('19231','DCS310');
INSERT INTO StudentSubjects VALUES('19231','DCS337');
INSERT INTO StudentSubjects VALUES('19231','DCS041');
INSERT INTO StudentSubjects VALUES('19231','DCS306');
INSERT INTO StudentSubjects VALUES('58961','DCS360');
INSERT INTO StudentSubjects VALUES('58961','DCS339');
INSERT INTO StudentSubjects VALUES('58961','DCS310');
INSERT INTO StudentSubjects VALUES('58961','DCS337');
INSERT INTO StudentSubjects VALUES('58961','DCS041');
INSERT INTO StudentSubjects VALUES('58961','DCS306');
PROMPT Finished populating StudentSubjects table


PROMPT Populating Lecturers table
INSERT INTO Lecturer VALUES( '1',  'Mr. Ottis Fahey I',         'fahey.i.ottis@jacobsonkonopelski.info',    '542-265-0135', TO_DATE('11-11-11', 'DD-MM-YY') );
INSERT INTO Lecturer VALUES( '2',  'Prof. Shaina Torp',         'torp_shaina@trompsmitham.com',             '129-615-8639', TO_DATE('11-11-11', 'DD-MM-YY') );
INSERT INTO Lecturer VALUES( '3',  'Dr. Josianne Fisher',       'fisher_josianne@rowe.info',                '903.657.8675', TO_DATE('11-11-11', 'DD-MM-YY') );
INSERT INTO Lecturer VALUES( '4',  'Prof. Mrs. Timmy Rempel',   'rempel_timmy@konopelski.biz',              '(634)527-9278', TO_DATE('11-11-11', 'DD-MM-YY') );
INSERT INTO Lecturer VALUES( '5',  'Prof. Shayna Smitham',      'smitham_shayna@hamill.org',           '(581)070-3813', TO_DATE('11-11-11', 'DD-MM-YY') );
INSERT INTO Lecturer VALUES( '6',  'Prof. Waylon Turner',       'turner.waylon@schmeler.net',               '(529)876-8390', TO_DATE('11-11-11', 'DD-MM-YY') );
INSERT INTO Lecturer VALUES( '7',  'Dr. Ismael Wunsch',         'wunsch.ismael@rowe.name',                  '408-547-2780', TO_DATE('11-11-11', 'DD-MM-YY') );
INSERT INTO Lecturer VALUES( '8',  'Prof. Cayla Padberg',       'cayla_padberg@mertz.com',             '972.313.2600', TO_DATE('11-11-11', 'DD-MM-YY') );
INSERT INTO Lecturer VALUES( '9',  'Dr. Unique Ratke',          'ratke.unique@gerhold.biz',            '842-758-7283', TO_DATE('11-11-11', 'DD-MM-YY') );
INSERT INTO Lecturer VALUES( '10', 'Mrs. Claudie Littel',       'littel_claudie@willmsrunolfsdottir.info',  '1-951-590-5220', TO_DATE('11-11-11', 'DD-MM-YY') );
INSERT INTO Lecturer VALUES( '11', 'Prof. Micah White',         'white.micah@okunevamonahan.name',          '574.006.7239', TO_DATE('11-11-11', 'DD-MM-YY') );
INSERT INTO Lecturer VALUES( '12', 'Prof. Alison Fay',          'alison@pollich.info',                      '(197)449-7834', TO_DATE('11-11-11', 'DD-MM-YY') );
PROMPT Finished populating Lecturers table

PROMPT Finished populating LecturerSubjects table
INSERT INTO LecturerSubjects VALUES( '2',  'DCS100');
INSERT INTO LecturerSubjects VALUES( '6',  'DCS111');
INSERT INTO LecturerSubjects VALUES( '2',  'DCS104');
INSERT INTO LecturerSubjects VALUES( '2',  'DCS235');
INSERT INTO LecturerSubjects VALUES( '1',  'DCS225');
INSERT INTO LecturerSubjects VALUES( '3',  'DCS129');
INSERT INTO LecturerSubjects VALUES( '4',  'DCS113');
INSERT INTO LecturerSubjects VALUES( '4',  'DCS103');
INSERT INTO LecturerSubjects VALUES( '5',  'DCS150');
INSERT INTO LecturerSubjects VALUES( '6',  'DCS210');
INSERT INTO LecturerSubjects VALUES( '7',  'DCS200');
INSERT INTO LecturerSubjects VALUES( '8',  'ELE404');
INSERT INTO LecturerSubjects VALUES( '9',  'DCS224');
INSERT INTO LecturerSubjects VALUES( '10',  'DCS360');
INSERT INTO LecturerSubjects VALUES( '11',  'DCS339');
INSERT INTO LecturerSubjects VALUES( '12',  'DCS337');
INSERT INTO LecturerSubjects VALUES( '12',  'DCS310');
INSERT INTO LecturerSubjects VALUES( '11',  'DCS306');
INSERT INTO LecturerSubjects VALUES( '1',  'DCS041');
PROMPT populating LecturerSubjects table

CREATE SEQUENCE auto_increment_cw
    START WITH 1 INCREMENT BY 1 NOMAXVALUE;

PROMPT Populating Coursework table.
INSERT INTO Coursework VALUES(auto_increment_cw.nextval, '001', 'DCS111',TO_DATE('30-10-2011', 'DD-MM-YY'), '10', ); 
INSERT INTO Coursework VALUES(auto_increment_cw.nextval, '002', 'DCS111',TO_DATE('15-11-2011', 'DD-MM-YY'), '10', );
INSERT INTO Coursework VALUES(auto_increment_cw.nextval, '003', 'DCS111',TO_DATE('22-12-2011', 'DD-MM-YY'), '30', ); 
INSERT INTO Coursework VALUES(auto_increment_cw.nextval, '101', 'DCS100',TO_DATE('30-10-2011', 'DD-MM-YY'), '10', ); 
INSERT INTO Coursework VALUES(auto_increment_cw.nextval, '102', 'DCS100',TO_DATE('22-11-2011', 'DD-MM-YY'), '10', );
INSERT INTO Coursework VALUES(auto_increment_cw.nextval, '103', 'DCS100',TO_DATE('30-12-2011', 'DD-MM-YY'), '30', ); 
INSERT INTO Coursework VALUES(auto_increment_cw.nextval, '201', 'DCS113',TO_DATE('30-10-2011', 'DD-MM-YY'), '15', ); 
INSERT INTO Coursework VALUES(auto_increment_cw.nextval, '202', 'DCS113',TO_DATE('22-11-2011', 'DD-MM-YY'), '15', );
INSERT INTO Coursework VALUES(auto_increment_cw.nextval, '203', 'DCS113',TO_DATE('01-12-2011', 'DD-MM-YY'), '15', ); 
INSERT INTO Coursework VALUES(auto_increment_cw.nextval, '204', 'DCS113',TO_DATE('25-12-2011', 'DD-MM-YY'), '15', );
INSERT INTO Coursework VALUES(auto_increment_cw.nextval, '301', 'DCS103',TO_DATE('12-01-2012', 'DD-MM-YY'), '15', ); 
INSERT INTO Coursework VALUES(auto_increment_cw.nextval, '302', 'DCS103',TO_DATE('30-02-2012', 'DD-MM-YY'), '15', );
INSERT INTO Coursework VALUES(auto_increment_cw.nextval, '303', 'DCS103',TO_DATE('11-03-2012', 'DD-MM-YY'), '15', ); 
INSERT INTO Coursework VALUES(auto_increment_cw.nextval, '304', 'DCS103',TO_DATE('26-03-2012', 'DD-MM-YY'), '15', ); 
INSERT INTO Coursework VALUES(auto_increment_cw.nextval, '401', 'DCS104',TO_DATE('16-01-2012', 'DD-MM-YY'), '10', ); 
INSERT INTO Coursework VALUES(auto_increment_cw.nextval, '402', 'DCS104',TO_DATE('01-02-2012', 'DD-MM-YY'), '10', );
INSERT INTO Coursework VALUES(auto_increment_cw.nextval, '403', 'DCS104',TO_DATE('30-03-2012', 'DD-MM-YY'), '30', ); 
INSERT INTO Coursework VALUES(auto_increment_cw.nextval, '501', 'DCS129',TO_DATE('17-01-2012', 'DD-MM-YY'), '10', ); 
INSERT INTO Coursework VALUES(auto_increment_cw.nextval, '502', 'DCS129',TO_DATE('02-03-2012', 'DD-MM-YY'), '10', );
INSERT INTO Coursework VALUES(auto_increment_cw.nextval, '503', 'DCS129',TO_DATE('29-03-2012', 'DD-MM-YY'), '30', ); 
INSERT INTO Coursework VALUES(auto_increment_cw.nextval, '601', 'DCS200',TO_DATE('07-11-2011', 'DD-MM-YY'), '15', ); 
INSERT INTO Coursework VALUES(auto_increment_cw.nextval, '602', 'DCS200',TO_DATE('28-11-2011', 'DD-MM-YY'), '15', );
INSERT INTO Coursework VALUES(auto_increment_cw.nextval, '603', 'DCS200',TO_DATE('12-12-2011', 'DD-MM-YY'), '15', ); 
INSERT INTO Coursework VALUES(auto_increment_cw.nextval, '604', 'DCS200',TO_DATE('22-12-2011', 'DD-MM-YY'), '15', ); 
INSERT INTO Coursework VALUES(auto_increment_cw.nextval, '701', 'DCS210',TO_DATE('09-11-2011', 'DD-MM-YY'), '15', ); 
INSERT INTO Coursework VALUES(auto_increment_cw.nextval, '702', 'DCS210',TO_DATE('27-01-2011', 'DD-MM-YY'), '15', );
INSERT INTO Coursework VALUES(auto_increment_cw.nextval, '703', 'DCS210',TO_DATE('13-12-2011', 'DD-MM-YY'), '15', ); 
INSERT INTO Coursework VALUES(auto_increment_cw.nextval, '704', 'DCS210',TO_DATE('25-12-2011', 'DD-MM-YY'), '15', ); 
INSERT INTO Coursework VALUES(auto_increment_cw.nextval, '801', 'DCS225',TO_DATE('07-11-2011', 'DD-MM-YY'), '10', ); 
INSERT INTO Coursework VALUES(auto_increment_cw.nextval, '802', 'DCS225',TO_DATE('19-11-2011', 'DD-MM-YY'), '10', );
INSERT INTO Coursework VALUES(auto_increment_cw.nextval, '803', 'DCS225',TO_DATE('28-12-2011', 'DD-MM-YY'), '30', ); 
INSERT INTO Coursework VALUES(auto_increment_cw.nextval, '901', 'DCS235',TO_DATE('22-01-2012', 'DD-MM-YY'), '10', ); 
INSERT INTO Coursework VALUES(auto_increment_cw.nextval, '902', 'DCS235',TO_DATE('12-02-2012', 'DD-MM-YY'), '10', );
INSERT INTO Coursework VALUES(auto_increment_cw.nextval, '903', 'DCS235',TO_DATE('24-03-2012', 'DD-MM-YY'), '30', ); 
INSERT INTO Coursework VALUES(auto_increment_cw.nextval, '1101', 'DCS224',TO_DATE('22-01-2012', 'DD-MM-YY'), '15', ); 
INSERT INTO Coursework VALUES(auto_increment_cw.nextval, '1102', 'DCS224',TO_DATE('02-02-2012', 'DD-MM-YY'), '15', );
INSERT INTO Coursework VALUES(auto_increment_cw.nextval, '1103', 'DCS224',TO_DATE('16-03-2012', 'DD-MM-YY'), '15', ); 
INSERT INTO Coursework VALUES(auto_increment_cw.nextval, '1104', 'DCS224',TO_DATE('21-03-2012', 'DD-MM-YY'), '15', ); 
INSERT INTO Coursework VALUES(auto_increment_cw.nextval, '1201', 'ELE404',TO_DATE('19-01-2012', 'DD-MM-YY'), '15', ); 
INSERT INTO Coursework VALUES(auto_increment_cw.nextval, '1202', 'ELE404',TO_DATE('03-02-2012', 'DD-MM-YY'), '15', );
INSERT INTO Coursework VALUES(auto_increment_cw.nextval, '1203', 'ELE404',TO_DATE('11-03-2012', 'DD-MM-YY'), '15', ); 
INSERT INTO Coursework VALUES(auto_increment_cw.nextval, '1204', 'ELE404',TO_DATE('30-03-2012', 'DD-MM-YY'), '15', ); 
INSERT INTO Coursework VALUES(auto_increment_cw.nextval, '1301', 'DCS360',TO_DATE('29-10-2011', 'DD-MM-YY'), '15', ); 
INSERT INTO Coursework VALUES(auto_increment_cw.nextval, '1302', 'DCS360',TO_DATE('01-11-2011', 'DD-MM-YY'), '15', );
INSERT INTO Coursework VALUES(auto_increment_cw.nextval, '1303', 'DCS360',TO_DATE('22-11-2011', 'DD-MM-YY'), '15', ); 
INSERT INTO Coursework VALUES(auto_increment_cw.nextval, '1304', 'DCS360',TO_DATE('24-12-2011', 'DD-MM-YY'), '15', ); 
INSERT INTO Coursework VALUES(auto_increment_cw.nextval, '1401', 'DCS339',TO_DATE('22-10-2011', 'DD-MM-YY'), '15', ); 
INSERT INTO Coursework VALUES(auto_increment_cw.nextval, '1402', 'DCS339',TO_DATE('02-11-2011', 'DD-MM-YY'), '15', );
INSERT INTO Coursework VALUES(auto_increment_cw.nextval, '1403', 'DCS339',TO_DATE('12-11-2011', 'DD-MM-YY'), '15', ); 
INSERT INTO Coursework VALUES(auto_increment_cw.nextval, '1404', 'DCS339',TO_DATE('22-12-2011', 'DD-MM-YY'), '15', ); 
INSERT INTO Coursework VALUES(auto_increment_cw.nextval, '1501', 'DCS310',TO_DATE('09-11-2011', 'DD-MM-YY'), '10', ); 
INSERT INTO Coursework VALUES(auto_increment_cw.nextval, '1502', 'DCS310',TO_DATE('22-11-2011', 'DD-MM-YY'), '10', );
INSERT INTO Coursework VALUES(auto_increment_cw.nextval, '1503', 'DCS310',TO_DATE('23-12-2011', 'DD-MM-YY'), '30', );
INSERT INTO Coursework VALUES(auto_increment_cw.nextval, '1601', 'DCS337',TO_DATE('27-01-2012', 'DD-MM-YY'), '10', ); 
INSERT INTO Coursework VALUES(auto_increment_cw.nextval, '1602', 'DCS337',TO_DATE('12-02-2012', 'DD-MM-YY'), '10', );
INSERT INTO Coursework VALUES(auto_increment_cw.nextval, '1603', 'DCS337',TO_DATE('20-03-2012', 'DD-MM-YY'), '30', );
INSERT INTO Coursework VALUES(auto_increment_cw.nextval, '1701', 'DCS041',TO_DATE('19-01-2012', 'DD-MM-YY'), '15', ); 
INSERT INTO Coursework VALUES(auto_increment_cw.nextval, '1702', 'DCS041',TO_DATE('03-02-2012', 'DD-MM-YY'), '15', );
INSERT INTO Coursework VALUES(auto_increment_cw.nextval, '1703', 'DCS041',TO_DATE('22-02-2012', 'DD-MM-YY'), '15', ); 
INSERT INTO Coursework VALUES(auto_increment_cw.nextval, '1704', 'DCS041',TO_DATE('30-03-2012', 'DD-MM-YY'), '15', ); 
INSERT INTO Coursework VALUES(auto_increment_cw.nextval, '1801', 'DCS306',TO_DATE('25-01-2012', 'DD-MM-YY'), '10', ); 
INSERT INTO Coursework VALUES(auto_increment_cw.nextval, '1802', 'DCS306',TO_DATE('22-02-2012', 'DD-MM-YY'), '10', );
INSERT INTO Coursework VALUES(auto_increment_cw.nextval, '1803', 'DCS306',TO_DATE('28-03-2012', 'DD-MM-YY'), '30', );
PROMPT Finished populating Coursework table




