SET TERMOUT ON

--CREATE SEQUENCE auto_increment_stu
--    START WITH 1 INCREMENT BY 1 NOMAXVALUE;

PROMPT Populating student information..Please wait...
INSERT INTO Student VALUES('77658', 'Maxwell Kilback', TO_DATE('15-01-86', 'DD-MM-YY'), '1', 'maxwell_kilback@adams.biz', '1-929-909-3181 x779', 'Apt. 221 7204 Dallas Views' ); 
INSERT INTO Student VALUES('37885', 'Elbert Auer', TO_DATE('28-02-90', 'DD-MM-YY'), '1', 'elbert.auer@batz.name', '1-881-148-6665', 'Suite 369 26313 McCullough Dam' ); 
INSERT INTO Student VALUES('62597', 'Malika Bosco', TO_DATE('12-10-91', 'DD-MM-YY'), '1', 'bosco.malika@carroll.name', '837-082-3297', 'Apt. 539 496 Casper Forks' ); 
INSERT INTO Student VALUES('66354', 'Alexandrine Rosenbaum', TO_DATE('05-05-92', 'DD-MM-YY'), '1', 'rosenbaum.alexandrine@hamillmills.com', '821-120-2015 x1386', 'Apt. 845 543 Jaskolski Crescent' ); 
INSERT INTO Student VALUES('44274', 'Albertha Torphy', TO_DATE('10-05-92', 'DD-MM-YY'), '1', 'albertha.torphy@jaskolskipollich.com', '507-647-5241', 'Apt. 438 5623 Franco River' ); 
INSERT INTO Student VALUES('72767', 'Nichole Schinner', TO_DATE('11-11-93 ', 'DD-MM-YY'), '1', 'nichole.schinner@barrows.org', '1-998-708-0497', 'Apt. 424 11933 Beatty Grove' ); 
INSERT INTO Student VALUES('69846', 'Dominique McGlynn', TO_DATE('01-09-92', 'DD-MM-YY'), '1', 'mcglynn_dominique@wolfchristiansen.org', '(313)511-6612', 'Suite 797 1225 Simonis Neck' ); 
INSERT INTO Student VALUES('56725', 'Lourdes Runte', TO_DATE('03-05-92', 'DD-MM-YY'), '1', 'runte_lourdes@monahan.org', '1-362-115-2537 x11572', 'Suite 967 539 Aylin Club' ); 
INSERT INTO Student VALUES('20761', 'Celestine Rohan', TO_DATE('04-03-92', 'DD-MM-YY'), '1', 'rohan.celestine@boganfay.biz', '1-784-920-4783', 'Apt. 898 4850 Abernathy Mall' ); 
INSERT INTO Student VALUES('64582', 'Corrine Russel', TO_DATE('10-01-92', 'DD-MM-YY'), '1', 'russel_corrine@casper.com', '993.542.8410', 'Suite 428 682 Arlo Viaduct' ); 
INSERT INTO Student VALUES('96163', 'Verlie Greenholt', TO_DATE('01-02-91', 'DD-MM-YY'), '1', 'verlie_greenholt@reinger.org', '840-721-4166 x1315', 'Apt. 987 50164 Kris Knoll' ); 
INSERT INTO Student VALUES('15499', 'Candace Stamm', TO_DATE('15-01-93', 'DD-MM-YY'), '1', 'candace_stamm@jones.com', '226.885.0330 x06523', 'Apt. 758 8111 Blanca Cove' ); 
INSERT INTO Student VALUES('51567', 'Benedict Bauch', TO_DATE('04-10-90', 'DD-MM-YY'), '1', 'bauch.benedict@wyman.com', '881.637.8555 x329', 'Suite 602 8921 Walsh Road' ); 
INSERT INTO Student VALUES('68957', 'Dane Upton', TO_DATE('06-06-90', 'DD-MM-YY'), '1', 'dane_upton@vandervortlebsack.biz', '(498)823-4268 x34354', 'Apt. 207 40159 Esther Prairie' ); 
INSERT INTO Student VALUES('53580', 'Ervin Swaniawski', TO_DATE('01-12-91', 'DD-MM-YY'), '1', 'ervin.swaniawski@schowalterbecker.info', '1-580-709-0844', 'Apt. 210 35461 Muller Hollow' ); 
INSERT INTO Student VALUES('86578', 'Alexzander Hoppe', TO_DATE('01-09-89', 'DD-MM-YY'), '1', 'hoppe_alexzander@anderson.biz', '883.544.3307 x262', 'Apt. 575 2133 Emely Common' ); 
INSERT INTO Student VALUES('91502', 'Gerardo Morar', TO_DATE('14-01-87', 'DD-MM-YY'), '1', 'gerardo.morar@handschroeder.info', '431-260-3219 x8510', 'Suite 962 6804 Emmerich Road' ); 
INSERT INTO Student VALUES('87787', 'Andres Marvin', TO_DATE('15-10-90', 'DD-MM-YY'), '1', 'andres_marvin@rath.com', '404.212.7912', 'Suite 300 7397 Nolan Manors' ); 
INSERT INTO Student VALUES('12294', 'Dexter Bode', TO_DATE('09-07-91', 'DD-MM-YY'), '1', 'bode_dexter@crona.biz', '(813)277-1824 x69039', 'Suite 309 732 Reilly Shore' ); 
INSERT INTO Student VALUES('66074', 'Sonya Brekke', TO_DATE('14-01-94', 'DD-MM-YY'), '1', 'brekke.sonya@nicolas.com', '107.846.2404 x70821', 'Apt. 936 7652 Gleason Roads' ); 

INSERT INTO Student VALUES('43215', 'Greg Halvorson', TO_DATE('10-01-85', 'DD-MM-YY'), '2', 'greg.halvorson@gulgowski.com', '(288)216-6740 x43557', 'Suite 353 658 Felicity Manors' ); 
INSERT INTO Student VALUES('17158', 'Sammy Schaefer', TO_DATE('08-07-91', 'DD-MM-YY'), '2', 'schaefer.sammy@hagenes.net', '(465)836-4811 x232', 'Apt. 988 3587 Kristofer Pass' ); 
INSERT INTO Student VALUES('73355', 'Freida Abshire', TO_DATE('03-08-91', 'DD-MM-YY'), '2', 'abshire_freida@nicolasrempel.org', '590.288.7978 x3829', 'Apt. 901 5948 Bogisich Viaduct' ); 
INSERT INTO Student VALUES('71268', 'Ellis Von', TO_DATE('11-11-93', 'DD-MM-YY'), '2', 'ellis.von@bartell.net', '610.087.0952 x334', 'Apt. 495 64893 Marjolaine Canyon' ); 
INSERT INTO Student VALUES('11142', 'Oswald Marks', TO_DATE('05-09-92', 'DD-MM-YY'), '2', 'marks.oswald@ruel.org', '(978)045-3304 x514', 'Apt. 834 6063 Glenna Camp' ); 
INSERT INTO Student VALUES('98716', 'Thalia Langosh', TO_DATE('10-05-92', 'DD-MM-YY'), '2', 'langosh.thalia@kreiger.name', '1-758-291-5930 x7303', 'Suite 224 9898 Bergnaum Crossing' ); 
INSERT INTO Student VALUES('19092', 'Nedra Tromp', TO_DATE('06-06-89', 'DD-MM-YY'), '2', 'nedra.tromp@weinat.net', '1-126-062-0486', 'Suite 885 752 Nico Overpass' ); 
INSERT INTO Student VALUES('97297', 'Tyree Brekke', TO_DATE('30-04-90', 'DD-MM-YY'), '2', 'brekke.tyree@wuckert.info', '820.272.9585', 'Suite 284 56834 Timothy Islands' ); 
INSERT INTO Student VALUES('92559', 'Lenora Dickinson', TO_DATE('01-09-89', 'DD-MM-YY'), '2', 'lenora_dickinson@roobdouglas.name', '(739)460-9843', 'Suite 448 3969 Martin Stravenue' ); 
INSERT INTO Student VALUES('15354', 'Johnpaul Berge', TO_DATE('02-04-89', 'DD-MM-YY'), '2', 'johnpaul.berge@hermiston.info', '1-131-004-8035 x9432', 'Apt. 337 50790 Laisha Forge' ); 
INSERT INTO Student VALUES('73773', 'Miss Sigrid McClure', TO_DATE('01-09-92', 'DD-MM-YY'), '2', 'mcclure_sigrid_miss@batz.org', '(111)372-2276', 'Suite 847 1389 Cummings Club' ); 
INSERT INTO Student VALUES('76935', 'Amir Koepp', TO_DATE('28-05-90', 'DD-MM-YY'), '2', 'amir.koepp@robertsmcclure.name', '1-557-681-4425 x558', 'Suite 921 2354 Lemuel Shores' ); 
INSERT INTO Student VALUES('22854', 'Gerda Murphy', TO_DATE('15-01-93', 'DD-MM-YY'), '2', 'murphy_gerda@witting.biz', '1-435-787-5296 x085', 'Suite 620 4764 Price Motorway' ); 
INSERT INTO Student VALUES('77473', 'Mr. Carter Bechtelar', TO_DATE('30-06-92', 'DD-MM-YY'), '2', 'carter.mr.bechtelar@dubuque.org', '575.878.7887 x601', 'Suite 439 3076 Daisy Ford' ); 
INSERT INTO Student VALUES('29004', 'Mr. Guiseppe Tremblay', TO_DATE('23-07-91', 'DD-MM-YY'), '2', 'guiseppe.mr.tremblay@thiel.biz', '837.129.9200 x272', 'Apt. 377 1405 Lyric Mall' ); 
INSERT INTO Student VALUES('94849', 'Jabari Fahey', TO_DATE('03-05-92', 'DD-MM-YY'), '2', 'jabari.fahey@nikolaus.org', '701-376-5493 x940', 'Apt. 532 9448 Etha Rue' ); 
INSERT INTO Student VALUES('64874', 'Frederik Collier', TO_DATE('10-11-86', 'DD-MM-YY'), '2', 'frederik_collier@breitenberg.biz', '(788)831-2364 x8102', 'Suite 170 887 Kuhn Turnpike' ); 
INSERT INTO Student VALUES('40438', 'Porter Luettgen', TO_DATE('21-07-87', 'DD-MM-YY'), '2', 'porter.luettgen@leffler.org', '(683)406-0236', 'Apt. 217 844 Lacy Circle' ); 
INSERT INTO Student VALUES('18343', 'Jaycee Brown', TO_DATE('12-06-91', 'DD-MM-YY'), '2', 'jaycee_brown@blockmayert.name', '466-460-5889 x09783', 'Apt. 916 4322 Hintz Rapids' ); 
INSERT INTO Student VALUES('46123', 'Edison Skiles', TO_DATE('10-01-92', 'DD-MM-YY'), '2', 'skiles_edison@muller.net', '(914)049-8988 x84586', 'Suite 397 61766 Heathcote Brook' ); 

INSERT INTO Student VALUES('19231', 'Gertrude Hermann', TO_DATE('03-03-91', 'DD-MM-YY'), '3', 'hermann.gertrude@schmeler.biz', '(982)508-1444', 'Suite 513 86068 Eddie Islands' ); 
INSERT INTO Student VALUES('23293', 'Alisha Kovacek', TO_DATE('11-11-93', 'DD-MM-YY'), '3', 'alisha_kovacek@treutel.net', '(391)821-5598 x507', 'Apt. 219 946 Orn Landing' ); 
INSERT INTO Student VALUES('40484', 'Leonora Quitzon', TO_DATE('05-08-91', 'DD-MM-YY'), '3', 'leonora_quitzon@mccullough.biz', '452.377.7677', 'Suite 360 491 Hal Roads' ); 
INSERT INTO Student VALUES('44739', 'Alexa Abbott', TO_DATE('03-07-92', 'DD-MM-YY'), '3', 'abbott_alexa@barrows.net', '369.665.7097', 'Suite 647 317 Louisa Parkways' ); 
INSERT INTO Student VALUES('76965', 'Jayden Bogisich', TO_DATE('02-04-89', 'DD-MM-YY'), '3', 'jayden_bogisich@kuvalis.biz', '530.371.2462', 'Suite 444 7382 Bashirian Run' ); 
INSERT INTO Student VALUES('37879', 'Maximo Koss', TO_DATE('13-12-87', 'DD-MM-YY'), '3', 'maximo.koss@moriettemonahan.info', '486-136-9953 x7601', 'Apt. 923 26221 Mosciski Forge' ); 
INSERT INTO Student VALUES('77478', 'Thaddeus Dooley', TO_DATE('23-10-91', 'DD-MM-YY'), '3', 'thaddeus.dooley@heeljakubowski.com', '(997)110-1631 x45725', 'Apt. 631 2270 Kim Forks' ); 
INSERT INTO Student VALUES('47540', 'Jazmin Feeney', TO_DATE('03-05-92', 'DD-MM-YY'), '3', 'jazmin_feeney@armstrongreichel.org', '444.532.4768 x002', 'Suite 364 664 Ayana Shoal' ); 
INSERT INTO Student VALUES('62345', 'Aurelio Collins', TO_DATE('10-01-92', 'DD-MM-YY'), '3', 'aurelio_collins@schinnerkuhn.biz', '(190)984-8117', 'Apt. 949 482 Baron Harbor' ); 
INSERT INTO Student VALUES('46017', 'Nicholas Terry', TO_DATE('25-05-90', 'DD-MM-YY'), '3', 'nicholas_terry@ziemann.net', '(867)179-0753 x38366', 'Suite 381 5349 Tromp Plains' ); 
INSERT INTO Student VALUES('17591', 'Nathan Brekke', TO_DATE('14-05-88', 'DD-MM-YY'), '3', 'brekke.nathan@cronin.net', '1-198-740-4949', 'Suite 881 9180 Carter Throughway' ); 
INSERT INTO Student VALUES('21402', 'Hattie Donnelly', TO_DATE('10-09-80', 'DD-MM-YY'), '3', 'hattie.donnelly@rice.biz', '405.493.8834 x568', 'Suite 844 602 Christiansen Freeway' ); 
INSERT INTO Student VALUES('21744', 'Myrtis Cummerata', TO_DATE('01-09-89', 'DD-MM-YY'), '3', 'cummerata.myrtis@damorebruen.name', '(374)439-9313', 'Apt. 958 450 McGlynn Port' ); 
INSERT INTO Student VALUES('60443', 'Chasity Lowe', TO_DATE('06-06-90', 'DD-MM-YY'), '3', 'chasity_lowe@flatleymills.org', '175.420.6744', 'Suite 588 549 Kon Glens' ); 
INSERT INTO Student VALUES('46983', 'Lauretta Funk', TO_DATE('29-04-89', 'DD-MM-YY'), '3', 'lauretta.funk@maggio.org', '(389)992-3813 x948', 'Suite 253 9835 Osinski Stravenue' ); 
INSERT INTO Student VALUES('58961', 'Tatyana Strosin', TO_DATE('09-12-91', 'DD-MM-YY'), '3', 'strosin_tatyana@corwin.info', '(182)665-5376 x6814', 'Apt. 887 266 Imogene River' ); 
INSERT INTO Student VALUES('42727', 'Nathen Streich', TO_DATE('01-09-92', 'DD-MM-YY'), '3', 'nathen_streich@christiansen.com', '1-496-709-6738 x026', 'Apt. 228 963 Allie Squares' ); 
INSERT INTO Student VALUES('60984', 'Ted Crist', TO_DATE('15-01-93', 'DD-MM-YY'), '3', 'ted.crist@lang.name', '1-673-968-4210', 'Suite 806 83568 Rempel Rapid' ); 
INSERT INTO Student VALUES('10630', 'Winfield Wisozk', TO_DATE('10-05-92', 'DD-MM-YY'), '3', 'winfield.wisozk@rowe.info', '(434)919-4031 x3717', 'Suite 368 330 Lavonne Divide' ); 
INSERT INTO Student VALUES('73701', 'Idella Reilly', TO_DATE('11-06-91', 'DD-MM-YY'), '3', 'idella_reilly@denesik.name', '569.207.0254 x44158', 'Apt. 537 8654 West Centers' ); 
PROMPT Finished populating Student table

PROMPT Populating Lecturers table
INSERT INTO Lecturer VALUES( '1', 'Dr. Dasia Beier', 'prof_dasia_beier@dicki.com', TO_DATE('11-11-11', 'DD-MM-YY'), '(638)663-5148', 'Suite 456 5819 Connor Knoll' );
INSERT INTO Lecturer VALUES( '2', 'Prof. Hobart Nikolaus', 'prof_nikolaus_hobart@jakubowskirohan.net', TO_DATE('11-11-11', 'DD-MM-YY'), '(666)497-7543', 'Apt. 795 21339 Hagenes Freeway' );
INSERT INTO Lecturer VALUES( '3', 'Dr. Rossie Powlowski', 'rossie_prof_powlowski@schmidt.com', TO_DATE('11-11-11', 'DD-MM-YY'), '290-064-4207', 'Suite 163 15654 Vernice Squares' );
INSERT INTO Lecturer VALUES( '4', 'Prof. Izaiah Beier', 'prof_izaiah_beier@robel.net', TO_DATE('11-11-11', 'DD-MM-YY'), '(596)028-3747 x340', 'Apt. 756 56816 Denesik Harbor' );
INSERT INTO Lecturer VALUES( '5', 'Prof. Coleman OHara Sr.', 'prof.coleman.o.sr.hara@spencer.net', TO_DATE('11-11-11', 'DD-MM-YY'), '437.922.4679 x3129', 'Suite 790 25927 Alexanne Throughway' );
INSERT INTO Lecturer VALUES( '6', 'Dr. Cole Carroll', 'carroll_prof_cole@spinkazemlak.biz', TO_DATE('11-11-11', 'DD-MM-YY'), '465-669-8074 x07978', 'Apt. 864 345 Jose Spur' );
INSERT INTO Lecturer VALUES( '7', 'Prof. Torey Romaguera DDS', 'dds.torey.romaguera.prof@leannonklocko.name', TO_DATE('11-11-11', 'DD-MM-YY'), '(874)181-9282 x648', 'Apt. 561 66403 Ramiro Fork' );
INSERT INTO Lecturer VALUES( '8', 'Prof. Wanda Kerluke', 'wanda.kerluke.prof@daugherty.biz', TO_DATE('11-11-11', 'DD-MM-YY'), '1-359-227-8838', 'Suite 911 739 Hubert Circle' );
INSERT INTO Lecturer VALUES( '9', 'Prof. Mrs. Oscar Von', 'prof.oscar.von.mrs@schmitt.info', TO_DATE('11-11-11', 'DD-MM-YY'), '1-368-810-5536', 'Apt. 755 89244 Torrey Mount' );
INSERT INTO Lecturer VALUES( '10', 'Prof. Raquel OReilly', 'reilly.o.raquel.prof@block.com', TO_DATE('11-11-11', 'DD-MM-YY'), '(526)092-7055 x82505', 'Suite 990 4589 Dietrich Mountain' );
INSERT INTO Lecturer VALUES( '11', 'Dr. Franco Bartoletti', 'bartoletti.prof.franco@ankunding.com', TO_DATE('11-11-11', 'DD-MM-YY'), '740-742-5237 x709', 'Apt. 191 37751 Dallin Circle' );
INSERT INTO Lecturer VALUES( '12', 'Prof. Mrs. Maria Waelchi', 'mrs.waelchi.prof.maria@gibson.com', TO_DATE('11-11-11', 'DD-MM-YY'), '(230)469-0749 x81675', 'Apt. 973 443 Barry Overpass' );
PROMPT Finished populating Lecturers table


PROMPT Populating Subjects table. Please wait ...
INSERT INTO Subject VALUES( 'DCS111', 'Computer Architecture',         '20', '3', '1', '6' );
INSERT INTO Subject VALUES( 'DCS100', 'Procedural Programming',        '20', '3', '1', '2' );
INSERT INTO Subject VALUES( 'DCS113', 'Logic and Discrete Structures', '20', '4', '1', '4' );
INSERT INTO Subject VALUES( 'DCS103', 'Language and comunication',     '20', '4', '2', '4' );
INSERT INTO Subject VALUES( 'DCS104', 'Object Oriented Programming',   '20', '3', '2', '2' );
INSERT INTO Subject VALUES( 'DCS129', 'Probability and Matrices',      '20', '3', '2', '3' );

INSERT INTO Subject VALUES( 'DCS200', 'Networks and Operating Systems','20', '4', '1', '7' );
INSERT INTO Subject VALUES( 'DCS210', 'Algorithms and Data Structures',  '20', '4', '1', '6' );
INSERT INTO Subject VALUES( 'DCS225', 'Database Systems',              '20', '3', '1', '1' );
INSERT INTO Subject VALUES( 'DCS235', 'Software Engineering',          '20', '3', '2', '2' );
INSERT INTO Subject VALUES( 'DCS224', 'Graphical User Interface',      '20', '4', '2', '9' );
INSERT INTO Subject VALUES( 'ELE404', 'Internet Applications',         '20', '4', '2', '8' );

INSERT INTO Subject VALUES( 'DCS360', 'Project',                       '20', '4', '1', '10' );
INSERT INTO Subject VALUES( 'DCS339', 'CPP for Image Processing',      '20', '4', '1', '11' );
INSERT INTO Subject VALUES( 'DCS310', 'Systems Analysis',              '20', '3', '1', '12' );
INSERT INTO Subject VALUES( 'DCS337', 'Software Risk Assesment',       '20', '3', '2', '12' );
INSERT INTO Subject VALUES( 'DCS041', 'Machine Learning',              '20', '4', '2', '1' );
INSERT INTO Subject VALUES( 'DCS306', 'High Performance Computing',    '20', '3', '2', '11' );
PROMPT Finished populating Subjects table

PROMPT populating StudentSubjects table
INSERT INTO StudentSubjects VALUES('12294','DCS111');
INSERT INTO StudentSubjects VALUES('12294','DCS100');
INSERT INTO StudentSubjects VALUES('12294','DCS113');
INSERT INTO StudentSubjects VALUES('12294','DCS103');
INSERT INTO StudentSubjects VALUES('12294','DCS104');
INSERT INTO StudentSubjects VALUES('12294','DCS129');
INSERT INTO StudentSubjects VALUES('66074','DCS111');
INSERT INTO StudentSubjects VALUES('66074','DCS100');
INSERT INTO StudentSubjects VALUES('66074','DCS113');
INSERT INTO StudentSubjects VALUES('66074','DCS103');
INSERT INTO StudentSubjects VALUES('66074','DCS104');
INSERT INTO StudentSubjects VALUES('66074','DCS129');

INSERT INTO StudentSubjects VALUES('43215','DCS200');
INSERT INTO StudentSubjects VALUES('43215','DCS210');
INSERT INTO StudentSubjects VALUES('43215','DCS225');
INSERT INTO StudentSubjects VALUES('43215','DCS235');
INSERT INTO StudentSubjects VALUES('43215','DCS224');
INSERT INTO StudentSubjects VALUES('43215','ELE404');
INSERT INTO StudentSubjects VALUES('17158','DCS200');
INSERT INTO StudentSubjects VALUES('17158','DCS210');
INSERT INTO StudentSubjects VALUES('17158','DCS225');
INSERT INTO StudentSubjects VALUES('17158','DCS235');
INSERT INTO StudentSubjects VALUES('17158','DCS224');
INSERT INTO StudentSubjects VALUES('17158','ELE404');

INSERT INTO StudentSubjects VALUES('19231','DCS360');
INSERT INTO StudentSubjects VALUES('19231','DCS339');
INSERT INTO StudentSubjects VALUES('19231','DCS310');
INSERT INTO StudentSubjects VALUES('19231','DCS337');
INSERT INTO StudentSubjects VALUES('19231','DCS041');
INSERT INTO StudentSubjects VALUES('19231','DCS306');
INSERT INTO StudentSubjects VALUES('58961','DCS360');
INSERT INTO StudentSubjects VALUES('58961','DCS339');
INSERT INTO StudentSubjects VALUES('58961','DCS310');
INSERT INTO StudentSubjects VALUES('58961','DCS337');
INSERT INTO StudentSubjects VALUES('58961','DCS041');
INSERT INTO StudentSubjects VALUES('58961','DCS306');
PROMPT Finished populating StudentSubjects table


PROMPT populating LecturerSubjects table
INSERT INTO LecturerSubjects VALUES( '2',  'DCS100');
INSERT INTO LecturerSubjects VALUES( '6',  'DCS111');
INSERT INTO LecturerSubjects VALUES( '2',  'DCS104');
INSERT INTO LecturerSubjects VALUES( '2',  'DCS235');
INSERT INTO LecturerSubjects VALUES( '1',  'DCS225');
INSERT INTO LecturerSubjects VALUES( '3',  'DCS129');
INSERT INTO LecturerSubjects VALUES( '4',  'DCS113');
INSERT INTO LecturerSubjects VALUES( '4',  'DCS103');
--INSERT INTO LecturerSubjects VALUES( '5',  'DCS150');
INSERT INTO LecturerSubjects VALUES( '6',  'DCS210');
INSERT INTO LecturerSubjects VALUES( '7',  'DCS200');
INSERT INTO LecturerSubjects VALUES( '8',  'ELE404');
INSERT INTO LecturerSubjects VALUES( '9',  'DCS224');
INSERT INTO LecturerSubjects VALUES( '10',  'DCS360');
INSERT INTO LecturerSubjects VALUES( '11',  'DCS339');
INSERT INTO LecturerSubjects VALUES( '12',  'DCS337');
INSERT INTO LecturerSubjects VALUES( '12',  'DCS310');
INSERT INTO LecturerSubjects VALUES( '11',  'DCS306');
INSERT INTO LecturerSubjects VALUES( '1',  'DCS041');
PROMPT Finshed populating LecturerSubjects table

CREATE SEQUENCE auto_increment_cw
    START WITH 1 INCREMENT BY 1 NOMAXVALUE;

PROMPT Populating Coursework table.
INSERT INTO Coursework VALUES(auto_increment_cw.nextval, 'DCS111',TO_DATE('30-10-2011', 'DD-MM-YY'), '10' ); 
INSERT INTO Coursework VALUES(auto_increment_cw.nextval, 'DCS111',TO_DATE('15-11-2011', 'DD-MM-YY'), '10' );
INSERT INTO Coursework VALUES(auto_increment_cw.nextval, 'DCS111',TO_DATE('22-12-2011', 'DD-MM-YY'), '30' ); 
INSERT INTO Coursework VALUES(auto_increment_cw.nextval, 'DCS100',TO_DATE('30-10-2011', 'DD-MM-YY'), '10' ); 
INSERT INTO Coursework VALUES(auto_increment_cw.nextval, 'DCS100',TO_DATE('22-11-2011', 'DD-MM-YY'), '10' );
INSERT INTO Coursework VALUES(auto_increment_cw.nextval, 'DCS100',TO_DATE('30-12-2011', 'DD-MM-YY'), '30' ); 
INSERT INTO Coursework VALUES(auto_increment_cw.nextval, 'DCS113',TO_DATE('30-10-2011', 'DD-MM-YY'), '15' ); 
INSERT INTO Coursework VALUES(auto_increment_cw.nextval, 'DCS113',TO_DATE('22-11-2011', 'DD-MM-YY'), '15' );
INSERT INTO Coursework VALUES(auto_increment_cw.nextval, 'DCS113',TO_DATE('01-12-2011', 'DD-MM-YY'), '15' ); 
INSERT INTO Coursework VALUES(auto_increment_cw.nextval, 'DCS113',TO_DATE('25-12-2011', 'DD-MM-YY'), '15' );
INSERT INTO Coursework VALUES(auto_increment_cw.nextval, 'DCS103',TO_DATE('12-01-2012', 'DD-MM-YY'), '15' ); 
INSERT INTO Coursework VALUES(auto_increment_cw.nextval, 'DCS103',TO_DATE('30-02-2012', 'DD-MM-YY'), '15' );
INSERT INTO Coursework VALUES(auto_increment_cw.nextval, 'DCS103',TO_DATE('11-03-2012', 'DD-MM-YY'), '15' ); 
INSERT INTO Coursework VALUES(auto_increment_cw.nextval, 'DCS103',TO_DATE('26-03-2012', 'DD-MM-YY'), '15' ); 
INSERT INTO Coursework VALUES(auto_increment_cw.nextval, 'DCS104',TO_DATE('16-01-2012', 'DD-MM-YY'), '10' ); 
INSERT INTO Coursework VALUES(auto_increment_cw.nextval, 'DCS104',TO_DATE('01-02-2012', 'DD-MM-YY'), '10' );
INSERT INTO Coursework VALUES(auto_increment_cw.nextval, 'DCS104',TO_DATE('30-03-2012', 'DD-MM-YY'), '30' ); 
INSERT INTO Coursework VALUES(auto_increment_cw.nextval, 'DCS129',TO_DATE('17-01-2012', 'DD-MM-YY'), '10' ); 
INSERT INTO Coursework VALUES(auto_increment_cw.nextval, 'DCS129',TO_DATE('02-03-2012', 'DD-MM-YY'), '10' );
INSERT INTO Coursework VALUES(auto_increment_cw.nextval, 'DCS129',TO_DATE('29-03-2012', 'DD-MM-YY'), '30' ); 
INSERT INTO Coursework VALUES(auto_increment_cw.nextval, 'DCS200',TO_DATE('07-11-2011', 'DD-MM-YY'), '15' ); 
INSERT INTO Coursework VALUES(auto_increment_cw.nextval, 'DCS200',TO_DATE('28-11-2011', 'DD-MM-YY'), '15' );
INSERT INTO Coursework VALUES(auto_increment_cw.nextval, 'DCS200',TO_DATE('12-12-2011', 'DD-MM-YY'), '15' ); 
INSERT INTO Coursework VALUES(auto_increment_cw.nextval, 'DCS200',TO_DATE('22-12-2011', 'DD-MM-YY'), '15' ); 
INSERT INTO Coursework VALUES(auto_increment_cw.nextval, 'DCS210',TO_DATE('09-11-2011', 'DD-MM-YY'), '15' ); 
INSERT INTO Coursework VALUES(auto_increment_cw.nextval, 'DCS210',TO_DATE('27-01-2011', 'DD-MM-YY'), '15' );
INSERT INTO Coursework VALUES(auto_increment_cw.nextval, 'DCS210',TO_DATE('13-12-2011', 'DD-MM-YY'), '15' ); 
INSERT INTO Coursework VALUES(auto_increment_cw.nextval, 'DCS210',TO_DATE('25-12-2011', 'DD-MM-YY'), '15' ); 
INSERT INTO Coursework VALUES(auto_increment_cw.nextval, 'DCS225',TO_DATE('07-11-2011', 'DD-MM-YY'), '10' ); 
INSERT INTO Coursework VALUES(auto_increment_cw.nextval, 'DCS225',TO_DATE('19-11-2011', 'DD-MM-YY'), '10' );
INSERT INTO Coursework VALUES(auto_increment_cw.nextval, 'DCS225',TO_DATE('28-12-2011', 'DD-MM-YY'), '30' ); 
INSERT INTO Coursework VALUES(auto_increment_cw.nextval, 'DCS235',TO_DATE('22-01-2012', 'DD-MM-YY'), '10' ); 
INSERT INTO Coursework VALUES(auto_increment_cw.nextval, 'DCS235',TO_DATE('12-02-2012', 'DD-MM-YY'), '10' );
INSERT INTO Coursework VALUES(auto_increment_cw.nextval, 'DCS235',TO_DATE('24-03-2012', 'DD-MM-YY'), '30' ); 
INSERT INTO Coursework VALUES(auto_increment_cw.nextval, 'DCS224',TO_DATE('22-01-2012', 'DD-MM-YY'), '15' ); 
INSERT INTO Coursework VALUES(auto_increment_cw.nextval, 'DCS224',TO_DATE('02-02-2012', 'DD-MM-YY'), '15' );
INSERT INTO Coursework VALUES(auto_increment_cw.nextval, 'DCS224',TO_DATE('16-03-2012', 'DD-MM-YY'), '15' ); 
INSERT INTO Coursework VALUES(auto_increment_cw.nextval, 'DCS224',TO_DATE('21-03-2012', 'DD-MM-YY'), '15' ); 
INSERT INTO Coursework VALUES(auto_increment_cw.nextval, 'ELE404',TO_DATE('19-01-2012', 'DD-MM-YY'), '15' ); 
INSERT INTO Coursework VALUES(auto_increment_cw.nextval, 'ELE404',TO_DATE('03-02-2012', 'DD-MM-YY'), '15' );
INSERT INTO Coursework VALUES(auto_increment_cw.nextval, 'ELE404',TO_DATE('11-03-2012', 'DD-MM-YY'), '15' ); 
INSERT INTO Coursework VALUES(auto_increment_cw.nextval, 'ELE404',TO_DATE('30-03-2012', 'DD-MM-YY'), '15' ); 
INSERT INTO Coursework VALUES(auto_increment_cw.nextval, 'DCS360',TO_DATE('29-10-2011', 'DD-MM-YY'), '15' ); 
INSERT INTO Coursework VALUES(auto_increment_cw.nextval, 'DCS360',TO_DATE('01-11-2011', 'DD-MM-YY'), '15' );
INSERT INTO Coursework VALUES(auto_increment_cw.nextval, 'DCS360',TO_DATE('22-11-2011', 'DD-MM-YY'), '15' ); 
INSERT INTO Coursework VALUES(auto_increment_cw.nextval, 'DCS360',TO_DATE('24-12-2011', 'DD-MM-YY'), '15' ); 
INSERT INTO Coursework VALUES(auto_increment_cw.nextval, 'DCS339',TO_DATE('22-10-2011', 'DD-MM-YY'), '15' ); 
INSERT INTO Coursework VALUES(auto_increment_cw.nextval, 'DCS339',TO_DATE('02-11-2011', 'DD-MM-YY'), '15' );
INSERT INTO Coursework VALUES(auto_increment_cw.nextval, 'DCS339',TO_DATE('12-11-2011', 'DD-MM-YY'), '15' ); 
INSERT INTO Coursework VALUES(auto_increment_cw.nextval, 'DCS339',TO_DATE('22-12-2011', 'DD-MM-YY'), '15' ); 
INSERT INTO Coursework VALUES(auto_increment_cw.nextval, 'DCS310',TO_DATE('09-11-2011', 'DD-MM-YY'), '10' ); 
INSERT INTO Coursework VALUES(auto_increment_cw.nextval, 'DCS310',TO_DATE('22-11-2011', 'DD-MM-YY'), '10' );
INSERT INTO Coursework VALUES(auto_increment_cw.nextval, 'DCS310',TO_DATE('23-12-2011', 'DD-MM-YY'), '30' );
INSERT INTO Coursework VALUES(auto_increment_cw.nextval, 'DCS337',TO_DATE('27-01-2012', 'DD-MM-YY'), '10' ); 
INSERT INTO Coursework VALUES(auto_increment_cw.nextval, 'DCS337',TO_DATE('12-02-2012', 'DD-MM-YY'), '10' );
INSERT INTO Coursework VALUES(auto_increment_cw.nextval, 'DCS337',TO_DATE('20-03-2012', 'DD-MM-YY'), '30' );
INSERT INTO Coursework VALUES(auto_increment_cw.nextval, 'DCS041',TO_DATE('19-01-2012', 'DD-MM-YY'), '15' ); 
INSERT INTO Coursework VALUES(auto_increment_cw.nextval, 'DCS041',TO_DATE('03-02-2012', 'DD-MM-YY'), '15' );
INSERT INTO Coursework VALUES(auto_increment_cw.nextval, 'DCS041',TO_DATE('22-02-2012', 'DD-MM-YY'), '15' ); 
INSERT INTO Coursework VALUES(auto_increment_cw.nextval, 'DCS041',TO_DATE('30-03-2012', 'DD-MM-YY'), '15' ); 
INSERT INTO Coursework VALUES(auto_increment_cw.nextval, 'DCS306',TO_DATE('25-01-2012', 'DD-MM-YY'), '10' ); 
INSERT INTO Coursework VALUES(auto_increment_cw.nextval, 'DCS306',TO_DATE('22-02-2012', 'DD-MM-YY'), '10' );
INSERT INTO Coursework VALUES(auto_increment_cw.nextval, 'DCS306',TO_DATE('28-03-2012', 'DD-MM-YY'), '30' );
PROMPT Finished populating Coursework table


CREATE SEQUENCE auto_increment_ex
    START WITH 1 INCREMENT BY 1 NOMAXVALUE;
PROMPT Populating Exam table.
INSERT INTO Exam VALUES(auto_increment_ex.nextval, '100', "DCS111"); 
INSERT INTO Exam VALUES(auto_increment_ex.nextval, '100', "DCS111");
INSERT INTO Exam VALUES(auto_increment_ex.nextval, '100', "DCS111"); 
INSERT INTO Exam VALUES(auto_increment_ex.nextval,'100', "DCS100"); 
INSERT INTO Exam VALUES(auto_increment_ex.nextval, '100', "DCS100");
INSERT INTO Exam VALUES(auto_increment_ex.nextval, '100', 'DCS100');
INSERT INTO Exam VALUES(auto_increment_ex.nextval, '100', "DCS113"); 
INSERT INTO Exam VALUES(auto_increment_ex.nextval, '100', "DCS113");
INSERT INTO Exam VALUES(auto_increment_ex.nextval, '100', "DCS113"); 
INSERT INTO Exam VALUES(auto_increment_ex.nextval, '100', "DCS113");
INSERT INTO Exam VALUES(auto_increment_ex.nextval, '100', "DCS103"); 
INSERT INTO Exam VALUES(auto_increment_ex.nextval, '100', "DCS103");
INSERT INTO Exam VALUES(auto_increment_ex.nextval, '100', "DCS103"); 
INSERT INTO Exam VALUES(auto_increment_ex.nextval, '100', "DCS103");
INSERT INTO Exam VALUES(auto_increment_ex.nextval, '100', "DCS104"); 
INSERT INTO Exam VALUES(auto_increment_ex.nextval, '100', "DCS104");
INSERT INTO Exam VALUES(auto_increment_ex.nextval, '100', "DCS104");
INSERT INTO Exam VALUES(auto_increment_ex.nextval, '100', "DCS129"); 
INSERT INTO Exam VALUES(auto_increment_ex.nextval, '100', "DCS129");
INSERT INTO Exam VALUES(auto_increment_ex.nextval, '100', "DCS129");
INSERT INTO Exam VALUES(auto_increment_ex.nextval, '100', "DCS200"); 
INSERT INTO Exam VALUES(auto_increment_ex.nextval, '100', "DCS200");
INSERT INTO Exam VALUES(auto_increment_ex.nextval, '100', "DCS200");
INSERT INTO Exam VALUES(auto_increment_ex.nextval, '100', "DCS200");
INSERT INTO Exam VALUES(auto_increment_ex.nextval, '100', "DCS210"); 
INSERT INTO Exam VALUES(auto_increment_ex.nextval, '100', "DCS210");
INSERT INTO Exam VALUES(auto_increment_ex.nextval, '100', "DCS210"); 
INSERT INTO Exam VALUES(auto_increment_ex.nextval, '100', "DCS210");
INSERT INTO Exam VALUES(auto_increment_ex.nextval,'100',"DCS225"); 
INSERT INTO Exam VALUES(auto_increment_ex.nextval,'100', "DCS225");
INSERT INTO Exam VALUES(auto_increment_ex.nextval,'100', "DCS225");
INSERT INTO Exam VALUES(auto_increment_ex.nextval, '100', 'DCS235'); 
INSERT INTO Exam VALUES(auto_increment_ex.nextval, '100', 'DCS235');
INSERT INTO Exam VALUES(auto_increment_ex.nextval, '100', 'DCS235');
INSERT INTO Exam VALUES(auto_increment_ex.nextval,'100', 'DCS224'); 
INSERT INTO Exam VALUES(auto_increment_ex.nextval,'100', 'DCS224');
INSERT INTO Exam VALUES(auto_increment_ex.nextval,'100', 'DCS224'); 
INSERT INTO Exam VALUES(auto_increment_ex.nextval,'100', 'DCS224');
INSERT INTO Exam VALUES(auto_increment_ex.nextval,'100', 'ELE404'); 
INSERT INTO Exam VALUES(auto_increment_ex.nextval,'100', 'ELE404');
INSERT INTO Exam VALUES(auto_increment_ex.nextval,'100', 'ELE404'); 
INSERT INTO Exam VALUES(auto_increment_ex.nextval,'100', 'ELE404');
INSERT INTO Exam VALUES(auto_increment_ex.nextval,'100', 'DCS360'); 
INSERT INTO Exam VALUES(auto_increment_ex.nextval,'100', 'DCS360');
INSERT INTO Exam VALUES(auto_increment_ex.nextval,'100', 'DCS360'); 
INSERT INTO Exam VALUES(auto_increment_ex.nextval,'100', 'DCS360');
INSERT INTO Exam VALUES(auto_increment_ex.nextval,'100', 'DCS339'); 
INSERT INTO Exam VALUES(auto_increment_ex.nextval,'100', 'DCS339');
INSERT INTO Exam VALUES(auto_increment_ex.nextval,'100', 'DCS339'); 
INSERT INTO Exam VALUES(auto_increment_ex.nextval,'100', 'DCS339');
INSERT INTO Exam VALUES(auto_increment_ex.nextval,'100', 'DCS310'); 
INSERT INTO Exam VALUES(auto_increment_ex.nextval,'100', 'DCS310');
INSERT INTO Exam VALUES(auto_increment_ex.nextval,'100', 'DCS310');
INSERT INTO Exam VALUES(auto_increment_ex.nextval,'100', 'DCS337'); 
INSERT INTO Exam VALUES(auto_increment_ex.nextval,'100', 'DCS337');
INSERT INTO Exam VALUES(auto_increment_ex.nextval,'100', 'DCS337');
INSERT INTO Exam VALUES(auto_increment_ex.nextval, '100', 'DCS041'); 
INSERT INTO Exam VALUES(auto_increment_ex.nextval, '100', 'DCS041');
INSERT INTO Exam VALUES(auto_increment_ex.nextval, '100', 'DCS041'); 
INSERT INTO Exam VALUES(auto_increment_ex.nextval, '100', 'DCS041');
INSERT INTO Exam VALUES(auto_increment_ex.nextval, '100', 'DCS306'); 
INSERT INTO Exam VALUES(auto_increment_ex.nextval, '100', 'DCS306');
INSERT INTO Exam VALUES(auto_increment_ex.nextval, '100', 'DCS306'); 
PROMPT Finished populating Exam table


PROMPT populting Question table
INSERT INTO Question VALUES('1',  'What is Heller, Ortiz and Hegmann' );
INSERT INTO Question VALUES('2',  'What is Vandervort-Goyette' );
INSERT INTO Question VALUES('3',  'What is Eichmann Group' );
INSERT INTO Question VALUES('4',  'What is Erdman LLC' );
INSERT INTO Question VALUES('5',  'What is Block-Conn' );
INSERT INTO Question VALUES('6',  'What is Christiansen Group' );
INSERT INTO Question VALUES('7',  'What is Deckow Group' );
INSERT INTO Question VALUES('8',  'What is Paucek Inc' );
INSERT INTO Question VALUES('9',  'What is Grant, Stark and OReilly' );
INSERT INTO Question VALUES('10', 'What is Gutkowski, Denesik and McDermott' );
INSERT INTO Question VALUES('11', 'What is Schoen-Moore' );
INSERT INTO Question VALUES('12', 'What is Klein-Reinger' );
INSERT INTO Question VALUES('13', 'What is McGlynn LLC' );
INSERT INTO Question VALUES('14', 'What is Stanton and Sons' );
INSERT INTO Question VALUES('15', 'What is Schiller Inc' );
INSERT INTO Question VALUES('16', 'What is Kuhlman Group' );
INSERT INTO Question VALUES('17', 'What is Wuckert Inc' );
INSERT INTO Question VALUES('18', 'What is Rolfson, Heathcote and Wiza' );
INSERT INTO Question VALUES('19', 'What is Graham Group' );
INSERT INTO Question VALUES('20', 'What is Hagenes, Champlin and Collier' );
INSERT INTO Question VALUES('21', 'What is Wolf, Cassin and Jenkins' );
INSERT INTO Question VALUES('22', 'What is Cruickshank-Kuvalis' );
INSERT INTO Question VALUES('23', 'What is Collins-Schamberger' );
INSERT INTO Question VALUES('24', 'What is Kuhlman, Runolfsdottir and Reynolds' );
INSERT INTO Question VALUES('25', 'What is Cummings, Hodkiewicz and Schumm' );
INSERT INTO Question VALUES('26', 'What is Feil, Ferry and Rempel' );
INSERT INTO Question VALUES('27', 'What is Fay LLC' );
INSERT INTO Question VALUES('28', 'What is Glover LLC' );
INSERT INTO Question VALUES('29', 'What is Haag, Herzog and Prosacco' );
INSERT INTO Question VALUES('30', 'What is Borer-Heathcote' );
INSERT INTO Question VALUES('31', 'What is Dooley, Schuster and Paucek' );
INSERT INTO Question VALUES('32', 'What is Borer-Franecki' );
INSERT INTO Question VALUES('33', 'What is Hirthe, Franecki and Schultz' );
INSERT INTO Question VALUES('34', 'What is Carroll-Langworth' );
INSERT INTO Question VALUES('35', 'What is Bergstrom Group' );
INSERT INTO Question VALUES('36', 'What is Watsica Group' );
INSERT INTO Question VALUES('37', 'What is Brakus, Dooley and Bashirian' );
INSERT INTO Question VALUES('38', 'What is Murray Inc' );
INSERT INTO Question VALUES('39', 'What is Auer Inc' );
INSERT INTO Question VALUES('40', 'What is Padberg, Block and Bradtke' );
INSERT INTO Question VALUES('41', 'What is Jacobi-Thompson' );
INSERT INTO Question VALUES('42', 'What is Fahey, White and Lakin' );
INSERT INTO Question VALUES('43', 'What is Rohan, Parisian and Ratke' );
INSERT INTO Question VALUES('44', 'What is McGlynn-Koss' );
INSERT INTO Question VALUES('45', 'What is Wintheiser-Schowalter' );
INSERT INTO Question VALUES('46', 'What is Weimann and Sons' );
INSERT INTO Question VALUES('47', 'What is Stamm and Sons' );
INSERT INTO Question VALUES('48', 'What is Gerhold, Hahn and Nicolas' );
INSERT INTO Question VALUES('49', 'What is Powlowski-Bode' );
INSERT INTO Question VALUES('50', 'What is Adams and Sons' );
INSERT INTO Question VALUES('51', 'What is Rice-Watsica' );
INSERT INTO Question VALUES('52', 'What is Dare-Sauer' );
INSERT INTO Question VALUES('53', 'What is Schinner-Parisian' );
INSERT INTO Question VALUES('54', 'What is Stehr Inc' );
INSERT INTO Question VALUES('55', 'What is Swift-OKeefe' );
INSERT INTO Question VALUES('56', 'What is Mraz, Conn and Beatty' );
INSERT INTO Question VALUES('57', 'What is King and Sons' );
INSERT INTO Question VALUES('58', 'What is Skiles Group' );
INSERT INTO Question VALUES('59', 'What is Heidenreich Inc' );
INSERT INTO Question VALUES('60', 'What is Jast Inc' );
INSERT INTO Question VALUES('61', 'What is Wolff Group' );
INSERT INTO Question VALUES('62', 'What is Waters and Sons' );
INSERT INTO Question VALUES('63', 'What is Jaskolski-Gleichner' );
INSERT INTO Question VALUES('64', 'What is Rosenbaum-Howe' );
INSERT INTO Question VALUES('65', 'What is Russel, Schiller and Schiller' );
INSERT INTO Question VALUES('66', 'What is Marquardt Group' );
INSERT INTO Question VALUES('67', 'What is Haag, Murazik and Boehm' );
INSERT INTO Question VALUES('68', 'What is Shields, Okuneva and Lesch' );
INSERT INTO Question VALUES('69', 'What is Nader, Dare and Hickle' );
INSERT INTO Question VALUES('70', 'What is Rutherford, Willms and Klocko' );
INSERT INTO Question VALUES('71', 'What is Leffler and Sons' );
INSERT INTO Question VALUES('72', 'What is Von, Strosin and Kris' );
INSERT INTO Question VALUES('73', 'What is Hermann Inc' );
INSERT INTO Question VALUES('74', 'What is Roob-Braun' );
INSERT INTO Question VALUES('75', 'What is Cronin-Ryan' );
INSERT INTO Question VALUES('76', 'What is Spencer, Johns and Franecki' );
INSERT INTO Question VALUES('77', 'What is Sporer-Kuhn' );
INSERT INTO Question VALUES('78', 'What is Waelchi-Pagac' );
INSERT INTO Question VALUES('79', 'What is Prosacco, Bailey and Hackett' );
INSERT INTO Question VALUES('80', 'What is Rowe, Harber and Muller' );
INSERT INTO Question VALUES('81', 'What is Turner, Pollich and Schroeder' );
INSERT INTO Question VALUES('82', 'What is Bednar, Ritchie and Marvin' );
INSERT INTO Question VALUES('83', 'What is Ziemann, Batz and West' );
INSERT INTO Question VALUES('84', 'What is Weber, Herzog and Jacobs' );
INSERT INTO Question VALUES('85', 'What is Kreiger Inc' );
INSERT INTO Question VALUES('86', 'What is Williamson, Moore and Kertzmann' );
INSERT INTO Question VALUES('87', 'What is Cartwright Group' );
INSERT INTO Question VALUES('88', 'What is Leannon-Auer' );
INSERT INTO Question VALUES('89', 'What is Gislason, Miller and Auer' );
INSERT INTO Question VALUES('90', 'What is Ryan-Hamill' );
INSERT INTO Question VALUES('91', 'What is VonRueden-Donnelly' );
INSERT INTO Question VALUES('92', 'What is Krajcik, Murphy and Muller' );
INSERT INTO Question VALUES('93', 'What is Marquardt, Fritsch and Collins' );
INSERT INTO Question VALUES('94', 'What is Yost-Collier' );
INSERT INTO Question VALUES('95', 'What is Will and Sons' );
INSERT INTO Question VALUES('96', 'What is Kuphal, Deckow and Price' );
INSERT INTO Question VALUES('97', 'What is Emmerich Inc' );
INSERT INTO Question VALUES('98', 'What is Sanford, Doyle and Breitenberg' );
INSERT INTO Question VALUES('99', 'What is Zieme-Gleichner' );
INSERT INTO Question VALUES('100','What is Cummings-Feest' );
PROMPT finshed populating Question table


PROMPT Populating ExamQuestions table.
INSERT INTO ExamQuestions VALUES( '1', '74'); 
INSERT INTO ExamQuestions VALUES( '2', '72');
INSERT INTO ExamQuestions VALUES( '3', '73'); 
INSERT INTO ExamQuestions VALUES( '4', '74'); 
INSERT INTO ExamQuestions VALUES( '5', '76');
INSERT INTO ExamQuestions VALUES( '6', '76');
INSERT INTO ExamQuestions VALUES( '7', '77'); 
INSERT INTO ExamQuestions VALUES( '8', '78');
INSERT INTO ExamQuestions VALUES( '9', '79'); 
INSERT INTO ExamQuestions VALUES( '10', '80');
INSERT INTO ExamQuestions VALUES( '11', '81'); 
INSERT INTO ExamQuestions VALUES( '12', '82');
INSERT INTO ExamQuestions VALUES( '13', '83'); 
INSERT INTO ExamQuestions VALUES( '14', '84');
INSERT INTO ExamQuestions VALUES( '15', '85'); 
INSERT INTO ExamQuestions VALUES( '16', '86');
INSERT INTO ExamQuestions VALUES( '17', '87');
INSERT INTO ExamQuestions VALUES( '18', '88'); 
INSERT INTO ExamQuestions VALUES( '19', '89');
INSERT INTO ExamQuestions VALUES( '20', '90');
INSERT INTO ExamQuestions VALUES( '21', '91'); 
INSERT INTO ExamQuestions VALUES( '22', '92');
INSERT INTO ExamQuestions VALUES( '23', '93'); 
INSERT INTO ExamQuestions VALUES( '24', '94');
INSERT INTO ExamQuestions VALUES( '25', '95'); 
INSERT INTO ExamQuestions VALUES( '26', '96');
INSERT INTO ExamQuestions VALUES( '27', '97'); 
INSERT INTO ExamQuestions VALUES( '28', '98');
INSERT INTO ExamQuestions VALUES( '29', '99'); 
INSERT INTO ExamQuestions VALUES( '30', '100');
INSERT INTO ExamQuestions VALUES( '31', '35');
INSERT INTO ExamQuestions VALUES( '32', '32'); 
INSERT INTO ExamQuestions VALUES( '33', '33');
INSERT INTO ExamQuestions VALUES( '34', '50');
INSERT INTO ExamQuestions VALUES( '35', '51'); 
INSERT INTO ExamQuestions VALUES( '36', '56');
INSERT INTO ExamQuestions VALUES( '37', '7'); 
INSERT INTO ExamQuestions VALUES( '38', '58');
INSERT INTO ExamQuestions VALUES( '39','59'); 
INSERT INTO ExamQuestions VALUES( '40','60');
INSERT INTO ExamQuestions VALUES( '41','1'); 
INSERT INTO ExamQuestions VALUES( '42','62');
INSERT INTO ExamQuestions VALUES( '43','63'); 
INSERT INTO ExamQuestions VALUES( '44','64');
INSERT INTO ExamQuestions VALUES( '45','65'); 
INSERT INTO ExamQuestions VALUES( '46','66');
INSERT INTO ExamQuestions VALUES( '47','67'); 
INSERT INTO ExamQuestions VALUES( '48','68');
INSERT INTO ExamQuestions VALUES( '49','69'); 
INSERT INTO ExamQuestions VALUES( '50','70');
INSERT INTO ExamQuestions VALUES( '51','71'); 
INSERT INTO ExamQuestions VALUES( '52','72');
INSERT INTO ExamQuestions VALUES( '53','73');
INSERT INTO ExamQuestions VALUES( '54','74'); 
INSERT INTO ExamQuestions VALUES( '55','75');
INSERT INTO ExamQuestions VALUES( '56','76');
INSERT INTO ExamQuestions VALUES( '58', '78');
INSERT INTO ExamQuestions VALUES( '59', '79'); 
INSERT INTO ExamQuestions VALUES( '60', '70');
INSERT INTO ExamQuestions VALUES( '61', '71'); 
INSERT INTO ExamQuestions VALUES( '62', '72');
INSERT INTO ExamQuestions VALUES( '63', '73');
PROMPT Finished populating ExamQuestions table

PROMPT Populating CourseworkQuestion table.
INSERT INTO CourseworkQuestion VALUES( '1', '1'); 
INSERT INTO CourseworkQuestion VALUES( '2', '2');
INSERT INTO CourseworkQuestion VALUES( '3', '3'); 
INSERT INTO CourseworkQuestion VALUES( '4', '4'); 
INSERT INTO CourseworkQuestion VALUES( '5', '6');
INSERT INTO CourseworkQuestion VALUES( '6', '6');
INSERT INTO CourseworkQuestion VALUES( '7', '7'); 
INSERT INTO CourseworkQuestion VALUES( '8', '8');
INSERT INTO CourseworkQuestion VALUES( '9', '9'); 
INSERT INTO CourseworkQuestion VALUES( '10', '10');
INSERT INTO CourseworkQuestion VALUES( '11', '11'); 
INSERT INTO CourseworkQuestion VALUES( '12', '12');
INSERT INTO CourseworkQuestion VALUES( '13', '13'); 
INSERT INTO CourseworkQuestion VALUES( '14', '14');
INSERT INTO CourseworkQuestion VALUES( '15', '15'); 
INSERT INTO CourseworkQuestion VALUES( '16', '16');
INSERT INTO CourseworkQuestion VALUES( '17', '17');
INSERT INTO CourseworkQuestion VALUES( '18', '18'); 
INSERT INTO CourseworkQuestion VALUES( '19', '19');
INSERT INTO CourseworkQuestion VALUES( '20', '20');
INSERT INTO CourseworkQuestion VALUES( '21', '21'); 
INSERT INTO CourseworkQuestion VALUES( '22', '22');
INSERT INTO CourseworkQuestion VALUES( '23', '23'); 
INSERT INTO CourseworkQuestion VALUES( '24', '24');
INSERT INTO CourseworkQuestion VALUES( '25', '25'); 
INSERT INTO CourseworkQuestion VALUES( '26', '26');
INSERT INTO CourseworkQuestion VALUES( '27', '27'); 
INSERT INTO CourseworkQuestion VALUES( '28', '28');
INSERT INTO CourseworkQuestion VALUES( '29', '29'); 
INSERT INTO CourseworkQuestion VALUES( '30', '30');
INSERT INTO CourseworkQuestion VALUES( '31', '3' );
INSERT INTO CourseworkQuestion VALUES( '32', '32'); 
INSERT INTO CourseworkQuestion VALUES( '33','33');
INSERT INTO CourseworkQuestion VALUES( '34', '34');
INSERT INTO CourseworkQuestion VALUES( '35','35'); 
INSERT INTO CourseworkQuestion VALUES( '36','36');
INSERT INTO CourseworkQuestion VALUES( '37','37'); 
INSERT INTO CourseworkQuestion VALUES( '38','38');
INSERT INTO CourseworkQuestion VALUES( '39','39'); 
INSERT INTO CourseworkQuestion VALUES( '40','40');
INSERT INTO CourseworkQuestion VALUES( '41','41'); 
INSERT INTO CourseworkQuestion VALUES( '42','42');
INSERT INTO CourseworkQuestion VALUES( '43','43'); 
INSERT INTO CourseworkQuestion VALUES( '44','44');
INSERT INTO CourseworkQuestion VALUES( '45','45'); 
INSERT INTO CourseworkQuestion VALUES( '46','46');
INSERT INTO CourseworkQuestion VALUES( '47','47'); 
INSERT INTO CourseworkQuestion VALUES( '48','48');
INSERT INTO CourseworkQuestion VALUES( '49','49'); 
INSERT INTO CourseworkQuestion VALUES( '50','50');
INSERT INTO CourseworkQuestion VALUES( '51','51'); 
INSERT INTO CourseworkQuestion VALUES( '52','52');
INSERT INTO CourseworkQuestion VALUES( '53','53');
INSERT INTO CourseworkQuestion VALUES( '54','54'); 
INSERT INTO CourseworkQuestion VALUES( '55','55');
INSERT INTO CourseworkQuestion VALUES( '56','56');
INSERT INTO CourseworkQuestion VALUES( '57', '57'); 
INSERT INTO CourseworkQuestion VALUES( '58', '58');
INSERT INTO CourseworkQuestion VALUES( '59', '59'); 
INSERT INTO CourseworkQuestion VALUES( '60', '60');                                              
INSERT INTO CourseworkQuestion VALUES( '61', '61'); 
INSERT INTO CourseworkQuestion VALUES( '62', '62');
INSERT INTO CourseworkQuestion VALUES( '63', '63');
PROMPT Finished populating CourseworkQuestion table



